Date,Category,Metric,Value
2023-08-02,Governance,Carbon Emissions (tonnes),981.19
2020-08-16,Environmental,Board Independence (%),631.81
2020-02-21,Governance,Waste Production (kg),259.8
2021-07-17,Governance,Waste Production (kg),634.01
2021-05-16,Environmental,Board Independence (%),539.99
2021-04-02,Environmental,Executive Compensation (USD),779.85
2020-10-12,Governance,Health & Safety Incidents (#),106.98
2020-07-28,Social,Employee Satisfaction (%),761.03
2023-10-17,Governance,Executive Compensation (USD),541.27
2023-01-21,Governance,Board Independence (%),962.99
2020-06-27,Governance,Diversity (%),341.87
2023-04-24,Governance,Water Usage (m3),632.62
2022-05-14,Environmental,Employee Satisfaction (%),932.03
2020-03-06,Governance,Employee Satisfaction (%),102.51
2020-03-02,Social,Waste Production (kg),937.23
2020-07-10,Environmental,Employee Satisfaction (%),687.89
2021-03-23,Social,Board Independence (%),67.84
2021-04-21,Social,Diversity (%),300.96
2022-10-31,Social,Diversity (%),708.17
2023-05-17,Social,Carbon Emissions (tonnes),67.35
2020-02-24,Environmental,Diversity (%),582.17
2023-02-23,Environmental,Executive Compensation (USD),345.88
2021-02-11,Social,Diversity (%),620.92
2023-08-23,Social,Waste Production (kg),45.74
2023-12-07,Environmental,Diversity (%),871.54
2023-01-21,Environmental,Carbon Emissions (tonnes),973.49
2022-05-09,Environmental,Water Usage (m3),968.88
2021-03-27,Governance,Board Independence (%),749.65
2022-07-08,Governance,Waste Production (kg),130.09
2023-04-21,Governance,Executive Compensation (USD),758.26
2021-07-23,Social,Water Usage (m3),24.59
2020-01-14,Governance,Waste Production (kg),22.12
2020-11-22,Social,Health & Safety Incidents (#),323.61
2023-11-30,Social,Employee Satisfaction (%),488.64
2022-05-15,Governance,Health & Safety Incidents (#),770.41
2021-11-27,Social,Diversity (%),683.3
2021-07-23,Governance,Water Usage (m3),445.9
2020-11-14,Governance,Diversity (%),273.63
2021-03-16,Environmental,Employee Satisfaction (%),997.12
2021-11-20,Governance,Waste Production (kg),426.18
2020-07-28,Environmental,Employee Satisfaction (%),451.39
2020-07-08,Governance,Carbon Emissions (tonnes),163.62
2022-02-17,Governance,Employee Satisfaction (%),794.81
2020-07-17,Environmental,Carbon Emissions (tonnes),693.68
2022-01-05,Environmental,Employee Satisfaction (%),220.77
2021-12-05,Governance,Board Independence (%),82.38
2023-05-21,Social,Carbon Emissions (tonnes),680.5
2021-06-25,Environmental,Water Usage (m3),654.51
2020-03-29,Social,Diversity (%),273.26
2022-07-29,Social,Executive Compensation (USD),950.86
2023-01-03,Social,Diversity (%),151.06
2020-09-12,Environmental,Health & Safety Incidents (#),432.33
2022-02-14,Social,Diversity (%),943.62
2020-06-10,Environmental,Waste Production (kg),419.73
2023-02-04,Social,Board Independence (%),638.53
2021-08-23,Governance,Employee Satisfaction (%),397.59
2023-07-11,Governance,Health & Safety Incidents (#),274.22
2023-06-20,Environmental,Waste Production (kg),983.98
2022-01-10,Governance,Waste Production (kg),409.33
2023-03-28,Governance,Carbon Emissions (tonnes),894.1
2021-01-28,Social,Diversity (%),229.95
2023-12-13,Environmental,Water Usage (m3),213.1
2020-05-22,Social,Executive Compensation (USD),31.13
2020-04-03,Social,Water Usage (m3),651.67
2023-09-16,Social,Health & Safety Incidents (#),368.53
2021-04-11,Social,Board Independence (%),864.36
2021-08-15,Social,Water Usage (m3),473.21
2020-06-12,Social,Employee Satisfaction (%),968.19
2021-04-21,Social,Water Usage (m3),185.53
2020-07-25,Environmental,Health & Safety Incidents (#),868.62
2022-02-17,Governance,Executive Compensation (USD),776.6
2021-07-23,Social,Water Usage (m3),770.92
2022-07-17,Social,Employee Satisfaction (%),844.78
2023-07-25,Social,Carbon Emissions (tonnes),761.02
2022-01-17,Social,Board Independence (%),626.22
2020-11-29,Social,Health & Safety Incidents (#),131.24
2022-01-28,Social,Carbon Emissions (tonnes),32.53
2021-12-28,Governance,Carbon Emissions (tonnes),920.85
2021-03-05,Governance,Carbon Emissions (tonnes),616.65
2023-10-04,Social,Waste Production (kg),796.54
2021-06-30,Governance,Board Independence (%),481.52
2023-12-08,Environmental,Executive Compensation (USD),117.31
2023-10-31,Social,Diversity (%),125.19
2023-08-20,Environmental,Board Independence (%),685.57
2020-05-26,Environmental,Waste Production (kg),430.31
2023-06-01,Social,Diversity (%),200.52
2023-07-24,Governance,Board Independence (%),491.59
2020-12-16,Environmental,Carbon Emissions (tonnes),64.21
2022-12-29,Social,Health & Safety Incidents (#),581.97
2021-05-16,Environmental,Diversity (%),268.99
2020-11-30,Environmental,Employee Satisfaction (%),797.56
2022-08-04,Environmental,Employee Satisfaction (%),310.36
2022-02-16,Environmental,Water Usage (m3),455.22
2021-07-06,Governance,Diversity (%),11.62
2023-08-03,Environmental,Health & Safety Incidents (#),72.45
2023-11-10,Environmental,Executive Compensation (USD),392.49
2023-02-14,Environmental,Waste Production (kg),479.94
2021-03-25,Governance,Carbon Emissions (tonnes),600.02
2023-11-03,Environmental,Water Usage (m3),291.66
2021-10-26,Environmental,Employee Satisfaction (%),694.98
2020-04-24,Governance,Waste Production (kg),860.12
2021-04-14,Governance,Waste Production (kg),779.85
2020-03-06,Governance,Carbon Emissions (tonnes),39.62
2021-10-08,Environmental,Executive Compensation (USD),480.51
2022-04-01,Governance,Executive Compensation (USD),104.93
2021-07-02,Governance,Diversity (%),242.05
2020-05-15,Environmental,Employee Satisfaction (%),986.66
2021-03-08,Governance,Executive Compensation (USD),142.5
2023-03-07,Environmental,Health & Safety Incidents (#),498.89
2021-10-06,Social,Executive Compensation (USD),618.16
2021-03-11,Governance,Waste Production (kg),702.46
2023-09-04,Social,Carbon Emissions (tonnes),559.65
2022-10-19,Environmental,Health & Safety Incidents (#),9.77
2022-03-21,Governance,Diversity (%),326.46
2023-08-09,Environmental,Employee Satisfaction (%),517.71
2022-07-28,Social,Diversity (%),87.87
2020-10-19,Environmental,Waste Production (kg),350.63
2021-06-26,Governance,Health & Safety Incidents (#),33.2
2020-10-12,Governance,Health & Safety Incidents (#),78.58
2021-05-20,Social,Health & Safety Incidents (#),396.92
2023-02-23,Environmental,Waste Production (kg),132.72
2023-01-08,Governance,Waste Production (kg),567.54
2021-06-22,Social,Diversity (%),689.46
2023-04-12,Governance,Water Usage (m3),800.59
2022-05-27,Governance,Diversity (%),200.15
2023-04-10,Environmental,Employee Satisfaction (%),167.48
2022-03-28,Governance,Carbon Emissions (tonnes),104.57
2022-01-11,Environmental,Health & Safety Incidents (#),636.43
2021-03-25,Governance,Water Usage (m3),706.48
2020-10-10,Social,Carbon Emissions (tonnes),31.59
2022-11-09,Governance,Water Usage (m3),936.21
2022-10-07,Environmental,Executive Compensation (USD),51.97
2020-07-05,Environmental,Executive Compensation (USD),541.3
2020-04-06,Social,Board Independence (%),709.06
2020-08-12,Governance,Executive Compensation (USD),870.97
2020-11-09,Governance,Diversity (%),714.09
2023-07-09,Social,Executive Compensation (USD),801.73
2020-11-23,Governance,Waste Production (kg),339.45
2023-10-25,Governance,Health & Safety Incidents (#),814.83
2022-05-14,Environmental,Diversity (%),80.11
2023-05-06,Governance,Carbon Emissions (tonnes),894.82
2020-05-10,Governance,Board Independence (%),547.59
2022-02-27,Social,Board Independence (%),817.3
2022-02-20,Social,Board Independence (%),452.32
2023-05-05,Environmental,Carbon Emissions (tonnes),643.58
2022-08-16,Governance,Carbon Emissions (tonnes),526.4
2022-12-19,Governance,Carbon Emissions (tonnes),731.59
2021-05-29,Governance,Carbon Emissions (tonnes),81.63
2023-02-07,Environmental,Board Independence (%),60.35
2020-01-24,Environmental,Board Independence (%),247.1
2023-10-25,Social,Water Usage (m3),159.54
2020-08-22,Environmental,Diversity (%),871.78
2023-10-28,Governance,Health & Safety Incidents (#),219.21
2023-01-04,Governance,Executive Compensation (USD),975.87
2021-06-30,Environmental,Executive Compensation (USD),336.9
2023-08-05,Governance,Waste Production (kg),182.12
2021-11-27,Governance,Board Independence (%),789.7
2020-08-16,Environmental,Waste Production (kg),658.71
2021-08-24,Environmental,Diversity (%),498.2
2022-06-09,Governance,Diversity (%),555.36
2020-11-19,Governance,Waste Production (kg),719.2
2022-07-18,Governance,Board Independence (%),228.45
2020-01-07,Social,Waste Production (kg),996.33
2021-06-23,Social,Executive Compensation (USD),974.79
2022-10-22,Social,Water Usage (m3),650.33
2020-12-31,Environmental,Executive Compensation (USD),199.54
2022-11-05,Social,Employee Satisfaction (%),680.23
2020-08-05,Environmental,Board Independence (%),72.2
2023-07-04,Environmental,Board Independence (%),30.65
2021-09-03,Social,Health & Safety Incidents (#),257.68
2023-08-01,Social,Carbon Emissions (tonnes),462.62
2022-11-05,Social,Employee Satisfaction (%),868.27
2023-06-01,Governance,Diversity (%),727.17
2021-02-11,Social,Board Independence (%),742.71
2020-11-09,Governance,Waste Production (kg),425.49
2022-02-04,Environmental,Employee Satisfaction (%),345.93
2020-11-26,Governance,Health & Safety Incidents (#),371.04
2023-01-09,Social,Diversity (%),987.65
2022-12-22,Environmental,Carbon Emissions (tonnes),40.11
2020-01-02,Environmental,Carbon Emissions (tonnes),867.03
2023-05-11,Environmental,Health & Safety Incidents (#),578.68
2021-10-25,Governance,Health & Safety Incidents (#),438.62
2022-09-27,Social,Waste Production (kg),725.26
2020-02-09,Environmental,Board Independence (%),486.67
2020-08-17,Environmental,Carbon Emissions (tonnes),873.42
2022-01-13,Environmental,Diversity (%),900.7
2021-09-21,Governance,Employee Satisfaction (%),421.72
2021-05-05,Governance,Diversity (%),276.83
2020-04-28,Social,Water Usage (m3),592.35
2021-05-08,Governance,Water Usage (m3),912.36
2023-03-07,Environmental,Health & Safety Incidents (#),210.66
2020-06-10,Social,Waste Production (kg),622.97
2020-06-24,Environmental,Water Usage (m3),631.56
2022-09-22,Environmental,Carbon Emissions (tonnes),733.11
2020-05-21,Governance,Diversity (%),131.57
2022-12-26,Social,Diversity (%),715.82
2020-09-14,Governance,Health & Safety Incidents (#),909.03
2020-09-19,Governance,Board Independence (%),179.68
2023-09-13,Social,Board Independence (%),237.54
2022-08-31,Environmental,Employee Satisfaction (%),971.4
2023-01-30,Environmental,Health & Safety Incidents (#),180.98
2020-12-04,Social,Executive Compensation (USD),854.39
2021-06-26,Environmental,Employee Satisfaction (%),492.28
2022-12-16,Social,Executive Compensation (USD),247.23
2023-05-27,Social,Board Independence (%),870.75
2022-05-16,Governance,Health & Safety Incidents (#),445.31
2021-03-09,Social,Executive Compensation (USD),514.82
2023-01-09,Governance,Health & Safety Incidents (#),359.23
2023-11-13,Environmental,Health & Safety Incidents (#),592.95
2021-02-15,Environmental,Board Independence (%),163.52
2023-12-31,Environmental,Employee Satisfaction (%),391.08
2021-09-30,Environmental,Employee Satisfaction (%),969.41
2022-03-28,Governance,Health & Safety Incidents (#),258.13
2023-10-07,Environmental,Water Usage (m3),656.74
2023-08-23,Social,Waste Production (kg),325.19
2022-02-03,Social,Board Independence (%),773.47
2022-06-16,Social,Waste Production (kg),130.87
2022-11-25,Governance,Waste Production (kg),969.82
2022-07-13,Environmental,Employee Satisfaction (%),453.79
2020-09-04,Environmental,Employee Satisfaction (%),236.05
2021-05-22,Environmental,Water Usage (m3),73.5
2021-04-05,Governance,Waste Production (kg),169.76
2020-05-11,Social,Waste Production (kg),519.77
2021-11-23,Social,Health & Safety Incidents (#),337.0
2020-02-13,Environmental,Employee Satisfaction (%),828.88
2023-04-19,Social,Waste Production (kg),430.89
2023-02-08,Social,Diversity (%),248.71
2021-04-16,Governance,Water Usage (m3),617.14
2023-04-20,Governance,Executive Compensation (USD),706.78
2021-03-27,Governance,Diversity (%),167.04
2020-01-15,Governance,Diversity (%),167.62
2020-05-25,Environmental,Executive Compensation (USD),36.67
2023-12-20,Governance,Board Independence (%),736.4
2023-07-16,Social,Board Independence (%),663.8
2020-04-30,Environmental,Water Usage (m3),474.63
2021-04-13,Social,Diversity (%),844.17
2020-05-18,Social,Waste Production (kg),805.67
2020-03-05,Social,Employee Satisfaction (%),585.35
2021-11-07,Governance,Water Usage (m3),868.27
2020-05-25,Governance,Health & Safety Incidents (#),205.84
2022-11-18,Environmental,Executive Compensation (USD),111.92
2021-05-02,Environmental,Diversity (%),269.75
2021-07-24,Governance,Water Usage (m3),57.09
2023-10-02,Social,Carbon Emissions (tonnes),531.17
2022-09-21,Environmental,Carbon Emissions (tonnes),936.61
2021-03-14,Governance,Board Independence (%),39.34
2023-01-09,Governance,Executive Compensation (USD),122.11
2020-09-27,Governance,Employee Satisfaction (%),452.2
2023-03-15,Social,Waste Production (kg),933.88
2023-03-26,Governance,Employee Satisfaction (%),316.16
2022-08-26,Governance,Employee Satisfaction (%),507.23
2021-05-12,Governance,Employee Satisfaction (%),41.57
2022-08-26,Governance,Executive Compensation (USD),148.34
2022-04-13,Environmental,Employee Satisfaction (%),986.63
2021-01-24,Environmental,Health & Safety Incidents (#),965.12
2020-07-12,Governance,Executive Compensation (USD),4.94
2020-07-17,Social,Health & Safety Incidents (#),951.81
2023-09-11,Environmental,Executive Compensation (USD),639.12
2022-06-01,Governance,Board Independence (%),867.92
2021-12-26,Environmental,Water Usage (m3),454.74
2022-05-17,Environmental,Carbon Emissions (tonnes),515.6
2022-04-21,Social,Employee Satisfaction (%),488.85
2022-08-14,Governance,Board Independence (%),666.86
2020-04-20,Governance,Water Usage (m3),139.65
2023-10-11,Social,Carbon Emissions (tonnes),29.97
2023-08-31,Social,Diversity (%),307.93
2023-08-16,Governance,Waste Production (kg),704.68
2020-07-20,Governance,Health & Safety Incidents (#),201.85
2020-05-04,Social,Diversity (%),673.43
2022-04-04,Environmental,Executive Compensation (USD),969.91
2021-11-25,Environmental,Carbon Emissions (tonnes),93.9
2020-08-11,Social,Diversity (%),672.6
2021-05-24,Environmental,Waste Production (kg),443.75
2021-01-27,Social,Board Independence (%),868.14
2021-01-24,Environmental,Carbon Emissions (tonnes),177.15
2023-01-03,Environmental,Diversity (%),692.63
2022-07-07,Governance,Health & Safety Incidents (#),838.12
2020-10-14,Governance,Health & Safety Incidents (#),944.61
2022-05-14,Environmental,Water Usage (m3),683.25
2021-01-10,Environmental,Diversity (%),497.17
2021-07-24,Governance,Employee Satisfaction (%),617.85
2022-08-05,Governance,Diversity (%),868.9
2021-05-26,Governance,Board Independence (%),570.61
2020-06-03,Social,Carbon Emissions (tonnes),30.39
2022-06-26,Environmental,Carbon Emissions (tonnes),930.95
2023-02-01,Governance,Board Independence (%),689.53
2020-07-19,Environmental,Diversity (%),676.51
2020-04-13,Social,Board Independence (%),215.68
2023-08-28,Social,Waste Production (kg),658.89
2023-01-12,Governance,Executive Compensation (USD),393.86
2020-01-31,Social,Board Independence (%),651.23
2020-07-10,Environmental,Health & Safety Incidents (#),106.59
2021-04-29,Governance,Board Independence (%),657.85
2020-12-06,Environmental,Carbon Emissions (tonnes),999.41
2022-04-12,Environmental,Health & Safety Incidents (#),48.21
2022-09-21,Social,Carbon Emissions (tonnes),977.17
2022-09-12,Social,Water Usage (m3),406.91
2021-03-13,Social,Employee Satisfaction (%),870.75
2022-04-01,Social,Carbon Emissions (tonnes),782.39
2020-04-30,Social,Health & Safety Incidents (#),567.02
2020-12-03,Governance,Water Usage (m3),738.45
2022-02-15,Environmental,Carbon Emissions (tonnes),878.52
2020-01-05,Environmental,Waste Production (kg),404.14
2022-03-10,Environmental,Board Independence (%),327.03
2021-06-27,Environmental,Employee Satisfaction (%),667.59
2022-07-20,Social,Carbon Emissions (tonnes),807.85
2021-08-07,Environmental,Water Usage (m3),762.29
2022-05-16,Governance,Waste Production (kg),797.81
2023-11-27,Governance,Diversity (%),435.58
2023-02-12,Environmental,Water Usage (m3),817.83
2023-09-17,Environmental,Board Independence (%),120.21
2022-09-23,Governance,Water Usage (m3),544.49
2020-11-13,Governance,Waste Production (kg),5.76
2021-01-23,Social,Water Usage (m3),324.59
2021-08-30,Governance,Waste Production (kg),366.46
2021-03-21,Social,Carbon Emissions (tonnes),396.17
2020-04-29,Social,Executive Compensation (USD),695.47
2023-04-01,Social,Waste Production (kg),388.56
2023-01-15,Social,Waste Production (kg),448.69
2020-05-04,Social,Employee Satisfaction (%),237.54
2021-10-04,Environmental,Waste Production (kg),373.25
2020-04-27,Governance,Waste Production (kg),227.27
2020-04-12,Social,Diversity (%),73.2
2023-04-11,Governance,Executive Compensation (USD),603.45
2022-09-03,Governance,Carbon Emissions (tonnes),668.21
2022-10-26,Social,Board Independence (%),619.49
2022-12-23,Environmental,Employee Satisfaction (%),463.49
2020-11-18,Social,Diversity (%),379.79
2020-04-26,Environmental,Health & Safety Incidents (#),863.33
2022-11-06,Governance,Executive Compensation (USD),519.08
2020-06-13,Environmental,Carbon Emissions (tonnes),479.18
2021-01-15,Environmental,Carbon Emissions (tonnes),25.64
2020-05-20,Environmental,Health & Safety Incidents (#),341.25
2023-05-03,Governance,Board Independence (%),380.2
2020-05-19,Governance,Waste Production (kg),398.82
2023-10-14,Environmental,Diversity (%),580.17
2021-04-26,Environmental,Water Usage (m3),533.6
2022-04-06,Social,Employee Satisfaction (%),607.91
2020-09-02,Environmental,Water Usage (m3),764.88
2023-03-12,Social,Health & Safety Incidents (#),812.99
2021-05-19,Environmental,Carbon Emissions (tonnes),718.12
2023-03-31,Social,Board Independence (%),955.52
2023-05-02,Governance,Carbon Emissions (tonnes),18.23
2020-03-22,Environmental,Employee Satisfaction (%),195.78
2023-06-22,Environmental,Carbon Emissions (tonnes),7.56
2020-06-16,Environmental,Carbon Emissions (tonnes),647.47
2022-05-08,Environmental,Employee Satisfaction (%),898.03
2023-09-08,Social,Diversity (%),243.48
2023-04-10,Environmental,Diversity (%),927.03
2023-03-03,Governance,Employee Satisfaction (%),60.27
2022-12-06,Governance,Board Independence (%),934.44
2021-10-09,Environmental,Health & Safety Incidents (#),351.62
2021-06-18,Governance,Executive Compensation (USD),101.42
2021-02-22,Environmental,Carbon Emissions (tonnes),485.87
2023-10-03,Environmental,Board Independence (%),256.78
2021-10-05,Governance,Carbon Emissions (tonnes),284.87
2021-05-03,Environmental,Executive Compensation (USD),307.29
2021-06-27,Governance,Health & Safety Incidents (#),803.03
2022-03-21,Social,Diversity (%),539.16
2020-09-25,Environmental,Board Independence (%),311.31
2023-10-07,Social,Waste Production (kg),610.33
2023-08-14,Governance,Waste Production (kg),716.15
2021-09-06,Social,Executive Compensation (USD),272.62
2022-07-25,Social,Waste Production (kg),413.55
2021-10-09,Governance,Diversity (%),121.89
2020-05-28,Social,Executive Compensation (USD),181.15
2020-01-20,Social,Diversity (%),681.12
2022-07-27,Governance,Health & Safety Incidents (#),181.44
2023-06-26,Social,Carbon Emissions (tonnes),525.16
2023-02-27,Governance,Health & Safety Incidents (#),709.05
2020-07-23,Social,Health & Safety Incidents (#),106.88
2020-05-30,Governance,Diversity (%),567.31
2023-01-06,Governance,Executive Compensation (USD),256.56
2021-03-12,Social,Executive Compensation (USD),962.93
2022-11-02,Social,Waste Production (kg),483.55
2021-06-27,Social,Water Usage (m3),805.99
2020-09-28,Environmental,Carbon Emissions (tonnes),550.23
2021-12-15,Environmental,Diversity (%),43.41
2020-05-20,Environmental,Waste Production (kg),633.15
2021-05-15,Governance,Board Independence (%),951.4
2022-01-26,Social,Water Usage (m3),601.61
2021-08-06,Governance,Water Usage (m3),819.19
2020-11-19,Environmental,Diversity (%),884.21
2022-06-16,Social,Employee Satisfaction (%),228.08
2023-01-17,Governance,Carbon Emissions (tonnes),212.04
2023-12-11,Social,Water Usage (m3),610.98
2021-09-11,Governance,Diversity (%),411.03
2023-06-06,Social,Diversity (%),839.86
2023-09-01,Environmental,Waste Production (kg),900.02
2022-12-19,Environmental,Board Independence (%),353.42
2020-01-17,Social,Employee Satisfaction (%),236.87
2023-09-29,Governance,Carbon Emissions (tonnes),780.53
2023-02-09,Environmental,Executive Compensation (USD),274.81
2021-09-05,Environmental,Health & Safety Incidents (#),822.61
2023-09-20,Environmental,Board Independence (%),423.74
2020-07-31,Social,Board Independence (%),667.55
2020-10-02,Social,Waste Production (kg),95.54
2021-06-25,Governance,Executive Compensation (USD),623.86
2020-08-24,Governance,Water Usage (m3),451.77
2020-08-07,Governance,Water Usage (m3),586.61
2023-02-07,Social,Waste Production (kg),168.01
2020-11-14,Social,Diversity (%),736.87
2021-07-11,Governance,Water Usage (m3),862.8
2021-07-31,Governance,Employee Satisfaction (%),216.74
2023-05-23,Social,Carbon Emissions (tonnes),95.71
2021-03-07,Governance,Board Independence (%),23.64
2021-12-03,Environmental,Board Independence (%),641.97
2021-02-20,Social,Employee Satisfaction (%),607.09
2023-11-08,Governance,Executive Compensation (USD),546.7
2023-07-22,Social,Water Usage (m3),231.95
2021-06-24,Environmental,Board Independence (%),390.91
2022-11-01,Social,Health & Safety Incidents (#),594.48
2022-09-27,Social,Executive Compensation (USD),496.77
2021-05-29,Social,Carbon Emissions (tonnes),987.79
2020-04-14,Social,Carbon Emissions (tonnes),136.44
2020-07-08,Environmental,Board Independence (%),695.14
2023-07-23,Social,Waste Production (kg),404.32
2022-05-17,Social,Executive Compensation (USD),428.2
2021-07-20,Governance,Board Independence (%),717.6
2020-03-31,Social,Waste Production (kg),692.44
2020-01-08,Governance,Board Independence (%),991.26
2021-11-14,Environmental,Health & Safety Incidents (#),128.39
2020-09-24,Environmental,Executive Compensation (USD),104.11
2023-07-28,Environmental,Diversity (%),724.34
2021-06-20,Environmental,Carbon Emissions (tonnes),578.39
2020-11-26,Governance,Board Independence (%),274.16
2022-06-23,Social,Health & Safety Incidents (#),79.42
2023-02-03,Environmental,Waste Production (kg),85.66
2023-12-16,Social,Waste Production (kg),894.19
2022-05-25,Governance,Carbon Emissions (tonnes),191.87
2023-02-22,Governance,Employee Satisfaction (%),323.37
2020-01-20,Governance,Board Independence (%),226.66
2020-08-17,Environmental,Executive Compensation (USD),355.0
2020-06-03,Social,Water Usage (m3),69.42
2023-11-16,Social,Waste Production (kg),519.06
2020-11-01,Social,Executive Compensation (USD),67.61
2023-01-22,Governance,Executive Compensation (USD),800.36
2020-03-14,Environmental,Diversity (%),233.71
2022-01-26,Governance,Executive Compensation (USD),540.01
2023-04-07,Governance,Executive Compensation (USD),880.08
2023-02-05,Social,Diversity (%),650.88
2020-10-30,Governance,Waste Production (kg),532.96
2022-05-30,Social,Executive Compensation (USD),324.33
2020-09-18,Environmental,Employee Satisfaction (%),333.0
2020-03-26,Social,Employee Satisfaction (%),669.49
2021-09-23,Environmental,Health & Safety Incidents (#),994.14
2022-01-16,Social,Diversity (%),661.84
2020-03-22,Governance,Health & Safety Incidents (#),557.78
2022-01-02,Governance,Diversity (%),730.65
2021-03-06,Environmental,Board Independence (%),465.21
2023-10-28,Environmental,Board Independence (%),60.14
2021-05-26,Environmental,Executive Compensation (USD),562.3
2023-09-27,Social,Water Usage (m3),957.63
2020-07-29,Social,Board Independence (%),175.3
2021-12-25,Environmental,Water Usage (m3),690.0
2023-02-20,Governance,Board Independence (%),200.93
2022-04-12,Social,Carbon Emissions (tonnes),535.83
2023-06-25,Social,Board Independence (%),96.68
2020-11-12,Social,Health & Safety Incidents (#),450.37
2021-04-29,Environmental,Waste Production (kg),756.16
2020-11-28,Environmental,Executive Compensation (USD),347.57
2020-12-28,Environmental,Health & Safety Incidents (#),664.91
2022-04-24,Environmental,Waste Production (kg),795.45
2020-02-20,Environmental,Employee Satisfaction (%),927.18
2021-01-02,Governance,Health & Safety Incidents (#),234.64
2021-11-11,Governance,Employee Satisfaction (%),399.32
2022-04-23,Environmental,Water Usage (m3),152.42
2023-10-03,Social,Water Usage (m3),992.48
2021-05-23,Environmental,Carbon Emissions (tonnes),927.0
2021-06-30,Governance,Board Independence (%),539.96
2020-11-22,Governance,Health & Safety Incidents (#),842.03
2023-12-07,Social,Employee Satisfaction (%),520.96
2020-08-09,Governance,Waste Production (kg),623.59
2022-02-22,Environmental,Water Usage (m3),89.12
2020-03-20,Social,Board Independence (%),755.27
2022-08-21,Environmental,Water Usage (m3),127.71
2021-03-31,Environmental,Waste Production (kg),826.07
2021-02-12,Social,Board Independence (%),782.03
2022-07-31,Environmental,Board Independence (%),708.74
2021-12-17,Governance,Employee Satisfaction (%),36.16
2021-09-17,Environmental,Employee Satisfaction (%),303.13
2021-04-11,Social,Health & Safety Incidents (#),263.11
2021-04-01,Social,Health & Safety Incidents (#),360.14
2020-02-18,Social,Diversity (%),87.64
2023-09-13,Environmental,Executive Compensation (USD),936.96
2021-01-30,Social,Diversity (%),553.8
2022-03-27,Social,Carbon Emissions (tonnes),305.52
2021-11-03,Environmental,Water Usage (m3),396.98
2021-07-24,Governance,Health & Safety Incidents (#),447.2
2020-05-22,Environmental,Employee Satisfaction (%),600.59
2021-07-25,Social,Waste Production (kg),515.68
2021-12-20,Social,Employee Satisfaction (%),919.39
2023-08-06,Environmental,Water Usage (m3),496.96
2022-11-09,Governance,Diversity (%),992.16
2022-03-29,Social,Employee Satisfaction (%),851.42
2023-10-23,Social,Executive Compensation (USD),208.51
2023-01-03,Social,Carbon Emissions (tonnes),930.6
2021-11-09,Environmental,Water Usage (m3),116.37
2020-02-26,Social,Diversity (%),817.45
2020-08-24,Governance,Executive Compensation (USD),380.62
2021-06-18,Social,Waste Production (kg),877.97
2020-12-31,Social,Diversity (%),868.06
2023-04-04,Governance,Board Independence (%),805.93
2021-06-27,Social,Executive Compensation (USD),790.03
2020-03-19,Environmental,Executive Compensation (USD),304.68
2020-08-10,Environmental,Carbon Emissions (tonnes),80.92
2023-05-06,Environmental,Water Usage (m3),402.98
2022-06-08,Governance,Waste Production (kg),173.52
2021-12-08,Social,Carbon Emissions (tonnes),694.95
2021-10-04,Environmental,Diversity (%),346.1
2022-06-12,Governance,Carbon Emissions (tonnes),975.61
2023-05-26,Social,Executive Compensation (USD),640.97
2022-11-13,Governance,Water Usage (m3),822.48
2020-08-24,Environmental,Health & Safety Incidents (#),132.52
2022-02-27,Environmental,Carbon Emissions (tonnes),862.01
2023-03-26,Environmental,Board Independence (%),922.76
2021-01-24,Governance,Carbon Emissions (tonnes),487.06
2021-06-05,Governance,Diversity (%),606.25
2020-03-31,Environmental,Diversity (%),764.81
2023-12-22,Governance,Waste Production (kg),174.84
2022-06-12,Environmental,Diversity (%),502.57
2020-01-04,Environmental,Employee Satisfaction (%),398.66
2022-11-30,Social,Water Usage (m3),146.37
2023-01-07,Governance,Water Usage (m3),367.53
2023-11-07,Environmental,Health & Safety Incidents (#),68.17
2023-10-05,Environmental,Health & Safety Incidents (#),25.81
2021-02-07,Governance,Water Usage (m3),135.17
2022-01-15,Social,Board Independence (%),963.12
2022-06-02,Social,Health & Safety Incidents (#),549.53
2020-05-23,Environmental,Waste Production (kg),965.82
2023-09-22,Governance,Diversity (%),432.5
2021-11-07,Social,Water Usage (m3),311.82
2023-06-30,Governance,Executive Compensation (USD),506.14
2021-10-04,Governance,Health & Safety Incidents (#),439.51
2023-09-20,Environmental,Water Usage (m3),105.66
2020-09-12,Social,Employee Satisfaction (%),640.83
2021-09-07,Environmental,Carbon Emissions (tonnes),216.04
2022-11-04,Social,Diversity (%),619.59
2021-09-25,Social,Water Usage (m3),650.2
2023-09-27,Social,Carbon Emissions (tonnes),152.02
2022-04-16,Social,Health & Safety Incidents (#),61.35
2021-10-30,Social,Carbon Emissions (tonnes),780.76
2022-04-04,Governance,Diversity (%),459.8
2023-11-28,Environmental,Water Usage (m3),58.16
2021-08-28,Governance,Employee Satisfaction (%),994.87
2023-02-09,Social,Board Independence (%),57.78
2020-09-17,Environmental,Health & Safety Incidents (#),695.04
2021-01-27,Social,Water Usage (m3),983.68
2022-05-11,Environmental,Diversity (%),239.18
2023-09-23,Governance,Health & Safety Incidents (#),142.25
2022-02-15,Environmental,Waste Production (kg),121.38
2023-10-19,Environmental,Carbon Emissions (tonnes),303.28
2020-12-22,Environmental,Board Independence (%),101.05
2023-06-14,Environmental,Diversity (%),692.16
2023-03-11,Environmental,Waste Production (kg),62.29
2021-09-08,Social,Executive Compensation (USD),509.42
2022-04-11,Environmental,Water Usage (m3),996.7
2023-01-27,Environmental,Employee Satisfaction (%),813.97
2020-01-01,Governance,Health & Safety Incidents (#),615.22
2021-09-14,Environmental,Carbon Emissions (tonnes),306.25
2021-08-10,Governance,Health & Safety Incidents (#),623.9
2021-03-06,Social,Board Independence (%),527.04
2022-05-30,Environmental,Water Usage (m3),426.08
2023-04-02,Governance,Health & Safety Incidents (#),130.71
2023-05-27,Governance,Carbon Emissions (tonnes),886.6
2023-09-02,Social,Water Usage (m3),449.78
2021-10-21,Environmental,Health & Safety Incidents (#),194.62
2022-08-10,Environmental,Employee Satisfaction (%),367.76
2022-06-23,Governance,Diversity (%),414.13
2022-06-24,Environmental,Water Usage (m3),827.54
2023-10-15,Governance,Diversity (%),733.61
2021-03-13,Environmental,Executive Compensation (USD),769.3
2022-11-12,Governance,Water Usage (m3),11.03
2022-08-27,Environmental,Employee Satisfaction (%),416.15
2020-12-13,Social,Diversity (%),481.34
2023-09-11,Environmental,Waste Production (kg),19.19
2020-06-22,Environmental,Carbon Emissions (tonnes),259.81
2021-08-04,Social,Waste Production (kg),760.29
2022-11-21,Environmental,Health & Safety Incidents (#),137.11
2023-09-21,Social,Employee Satisfaction (%),535.31
2023-07-20,Environmental,Waste Production (kg),215.2
2023-06-22,Governance,Water Usage (m3),12.12
2021-11-17,Governance,Health & Safety Incidents (#),241.2
2020-07-10,Environmental,Health & Safety Incidents (#),975.87
2021-04-26,Environmental,Waste Production (kg),801.54
2023-10-09,Environmental,Executive Compensation (USD),959.58
2021-09-27,Governance,Waste Production (kg),487.85
2021-04-05,Environmental,Executive Compensation (USD),109.74
2021-02-11,Governance,Employee Satisfaction (%),547.96
2020-10-28,Social,Carbon Emissions (tonnes),454.38
2020-02-20,Governance,Waste Production (kg),844.36
2020-04-04,Governance,Board Independence (%),98.08
2021-05-16,Social,Executive Compensation (USD),488.24
2022-08-31,Governance,Waste Production (kg),150.05
2023-06-05,Environmental,Diversity (%),324.68
2020-05-29,Environmental,Water Usage (m3),737.36
2022-07-21,Governance,Board Independence (%),476.02
2022-04-28,Environmental,Board Independence (%),375.89
2023-07-13,Governance,Executive Compensation (USD),394.48
2023-03-24,Environmental,Diversity (%),459.45
2021-02-02,Environmental,Diversity (%),785.02
2023-11-27,Governance,Health & Safety Incidents (#),892.08
2022-02-25,Environmental,Executive Compensation (USD),955.33
2022-10-09,Governance,Carbon Emissions (tonnes),786.9
2022-03-29,Environmental,Water Usage (m3),315.41
2021-05-14,Environmental,Employee Satisfaction (%),688.13
2020-10-29,Social,Board Independence (%),437.6
2023-09-05,Social,Employee Satisfaction (%),254.67
2023-11-09,Governance,Waste Production (kg),840.87
2020-01-12,Social,Waste Production (kg),38.43
2020-08-06,Governance,Employee Satisfaction (%),901.76
2022-05-20,Social,Waste Production (kg),461.48
2021-03-24,Environmental,Carbon Emissions (tonnes),637.2
2020-12-26,Governance,Diversity (%),659.35
2023-11-26,Governance,Waste Production (kg),895.12
2022-11-26,Environmental,Health & Safety Incidents (#),636.67
2022-08-09,Governance,Waste Production (kg),613.93
2020-04-12,Governance,Water Usage (m3),66.65
2023-02-15,Social,Carbon Emissions (tonnes),518.41
2021-05-25,Governance,Water Usage (m3),150.17
2020-09-05,Environmental,Water Usage (m3),737.43
2022-07-23,Social,Health & Safety Incidents (#),512.22
2020-09-30,Social,Carbon Emissions (tonnes),680.23
2022-08-09,Environmental,Carbon Emissions (tonnes),41.67
2023-09-29,Environmental,Executive Compensation (USD),84.79
2022-12-23,Social,Carbon Emissions (tonnes),716.32
2023-02-18,Governance,Carbon Emissions (tonnes),72.08
2023-05-04,Social,Carbon Emissions (tonnes),71.26
2021-10-11,Environmental,Health & Safety Incidents (#),12.11
2022-06-25,Social,Waste Production (kg),956.5
2023-06-08,Environmental,Executive Compensation (USD),737.51
2022-10-30,Social,Water Usage (m3),353.25
2022-05-23,Governance,Carbon Emissions (tonnes),296.54
2023-01-27,Social,Board Independence (%),349.7
2022-07-02,Social,Waste Production (kg),774.65
2020-11-21,Environmental,Waste Production (kg),661.37
2022-08-30,Environmental,Water Usage (m3),185.2
2022-07-10,Environmental,Health & Safety Incidents (#),174.11
2021-06-14,Social,Employee Satisfaction (%),98.4
2021-05-21,Governance,Employee Satisfaction (%),660.3
2023-07-29,Environmental,Waste Production (kg),764.37
2021-07-21,Environmental,Diversity (%),265.05
2022-12-03,Social,Diversity (%),20.94
2022-09-19,Environmental,Water Usage (m3),82.17
2023-07-07,Governance,Employee Satisfaction (%),967.86
2021-05-04,Governance,Waste Production (kg),295.44
2021-07-16,Environmental,Health & Safety Incidents (#),769.22
2022-06-19,Environmental,Employee Satisfaction (%),624.66
2020-06-07,Social,Waste Production (kg),381.94
2021-08-08,Governance,Waste Production (kg),205.69
2021-04-25,Governance,Carbon Emissions (tonnes),121.39
2021-07-10,Environmental,Health & Safety Incidents (#),615.01
2021-11-18,Social,Carbon Emissions (tonnes),774.63
2021-10-16,Governance,Water Usage (m3),643.9
2023-01-11,Governance,Carbon Emissions (tonnes),530.3
2020-06-14,Social,Board Independence (%),41.95
2020-10-10,Social,Carbon Emissions (tonnes),968.49
2020-11-04,Governance,Board Independence (%),798.71
2021-04-18,Governance,Employee Satisfaction (%),292.82
2022-02-23,Social,Diversity (%),979.97
2023-11-22,Governance,Executive Compensation (USD),601.88
2020-11-08,Environmental,Executive Compensation (USD),582.42
2023-12-17,Environmental,Waste Production (kg),748.07
2021-03-14,Social,Executive Compensation (USD),811.77
2020-05-11,Social,Board Independence (%),656.48
2022-04-29,Social,Health & Safety Incidents (#),128.1
2022-04-14,Environmental,Carbon Emissions (tonnes),338.27
2021-11-08,Governance,Board Independence (%),928.08
2023-01-16,Environmental,Health & Safety Incidents (#),224.62
2022-08-12,Governance,Diversity (%),372.17
2022-05-01,Environmental,Executive Compensation (USD),432.08
2020-05-07,Governance,Diversity (%),439.4
2021-02-27,Environmental,Executive Compensation (USD),612.94
2022-05-10,Social,Carbon Emissions (tonnes),943.08
2022-03-08,Environmental,Water Usage (m3),240.69
2023-04-11,Governance,Carbon Emissions (tonnes),121.5
2023-11-25,Environmental,Employee Satisfaction (%),197.47
2020-02-10,Environmental,Board Independence (%),886.92
2023-03-25,Environmental,Waste Production (kg),645.81
2022-02-18,Social,Water Usage (m3),285.91
2022-09-03,Environmental,Carbon Emissions (tonnes),815.95
2020-01-13,Social,Health & Safety Incidents (#),861.37
2021-12-21,Social,Water Usage (m3),846.51
2021-09-03,Environmental,Board Independence (%),918.93
2022-03-09,Environmental,Executive Compensation (USD),252.24
2022-05-08,Environmental,Water Usage (m3),755.04
2023-01-07,Governance,Executive Compensation (USD),460.54
2023-01-23,Environmental,Board Independence (%),842.0
2023-05-20,Social,Carbon Emissions (tonnes),728.49
2021-03-27,Environmental,Board Independence (%),776.45
2022-09-26,Governance,Water Usage (m3),656.16
2021-03-25,Environmental,Health & Safety Incidents (#),177.43
2021-07-12,Governance,Diversity (%),545.03
2022-06-11,Governance,Water Usage (m3),984.67
2022-09-21,Environmental,Board Independence (%),937.39
2020-02-29,Social,Diversity (%),43.17
2022-03-07,Governance,Board Independence (%),164.81
2021-11-19,Environmental,Health & Safety Incidents (#),131.73
2023-10-01,Environmental,Board Independence (%),725.98
2023-10-22,Social,Carbon Emissions (tonnes),817.79
2022-04-08,Governance,Waste Production (kg),213.51
2020-12-04,Governance,Executive Compensation (USD),505.85
2022-08-15,Environmental,Executive Compensation (USD),840.7
2020-09-18,Environmental,Water Usage (m3),732.8
2023-06-28,Social,Waste Production (kg),542.24
2022-12-29,Social,Board Independence (%),590.35
2020-02-25,Governance,Health & Safety Incidents (#),508.36
2022-03-17,Governance,Water Usage (m3),297.55
2023-04-27,Environmental,Board Independence (%),565.02
2023-03-01,Governance,Diversity (%),688.89
2023-09-19,Social,Employee Satisfaction (%),873.32
2020-02-25,Social,Board Independence (%),636.29
2020-06-20,Environmental,Waste Production (kg),761.12
2023-08-09,Social,Water Usage (m3),160.07
2022-05-27,Social,Waste Production (kg),461.56
2020-10-04,Social,Water Usage (m3),9.33
2022-08-03,Social,Board Independence (%),246.68
2021-01-07,Environmental,Carbon Emissions (tonnes),726.46
2020-04-12,Environmental,Diversity (%),991.81
2021-06-16,Governance,Board Independence (%),99.18
2022-02-15,Social,Executive Compensation (USD),401.49
2021-11-01,Governance,Waste Production (kg),800.07
2021-03-09,Environmental,Employee Satisfaction (%),204.04
2022-07-20,Environmental,Employee Satisfaction (%),555.08
2021-10-31,Environmental,Health & Safety Incidents (#),733.07
2021-11-22,Environmental,Water Usage (m3),615.99
2022-02-15,Environmental,Waste Production (kg),188.02
2021-07-23,Environmental,Health & Safety Incidents (#),355.38
2022-05-13,Environmental,Waste Production (kg),783.79
2021-05-31,Social,Executive Compensation (USD),554.23
2020-06-16,Governance,Water Usage (m3),5.23
2022-08-21,Environmental,Board Independence (%),760.99
2020-02-09,Social,Board Independence (%),35.31
2023-01-09,Social,Employee Satisfaction (%),745.73
2020-04-16,Governance,Board Independence (%),202.48
2021-12-17,Environmental,Board Independence (%),958.07
2021-04-04,Governance,Executive Compensation (USD),367.94
2023-08-24,Environmental,Carbon Emissions (tonnes),326.93
2020-05-20,Social,Employee Satisfaction (%),148.89
2023-08-27,Social,Health & Safety Incidents (#),305.6
2020-03-23,Social,Diversity (%),876.65
2020-03-04,Social,Carbon Emissions (tonnes),996.33
2021-05-21,Governance,Health & Safety Incidents (#),368.31
2021-02-12,Environmental,Water Usage (m3),448.61
2020-02-11,Environmental,Carbon Emissions (tonnes),722.07
2023-06-26,Governance,Executive Compensation (USD),886.2
2020-11-08,Environmental,Health & Safety Incidents (#),593.04
2021-05-03,Social,Water Usage (m3),391.53
2020-09-15,Environmental,Employee Satisfaction (%),412.62
2022-08-27,Social,Diversity (%),695.62
2023-10-03,Governance,Water Usage (m3),3.22
2020-08-22,Environmental,Board Independence (%),619.59
2023-03-01,Governance,Waste Production (kg),355.49
2021-03-22,Environmental,Water Usage (m3),794.2
2022-08-10,Social,Water Usage (m3),92.99
2023-12-03,Governance,Diversity (%),588.2
2021-06-08,Environmental,Waste Production (kg),480.97
2022-01-25,Social,Board Independence (%),642.33
2020-12-09,Governance,Health & Safety Incidents (#),64.85
2023-05-25,Governance,Health & Safety Incidents (#),579.98
2023-05-28,Environmental,Water Usage (m3),561.48
2020-08-22,Environmental,Executive Compensation (USD),560.66
2020-12-01,Environmental,Executive Compensation (USD),603.49
2021-09-29,Social,Waste Production (kg),676.47
2020-08-09,Environmental,Waste Production (kg),804.99
2023-03-31,Governance,Board Independence (%),269.82
2020-02-22,Governance,Diversity (%),825.05
2021-09-30,Environmental,Employee Satisfaction (%),498.26
2023-03-25,Environmental,Health & Safety Incidents (#),77.06
2023-10-19,Governance,Diversity (%),58.55
2022-02-07,Social,Carbon Emissions (tonnes),334.24
2022-03-23,Environmental,Health & Safety Incidents (#),784.9
2021-02-10,Environmental,Diversity (%),707.68
2020-06-04,Governance,Health & Safety Incidents (#),788.61
2023-04-27,Environmental,Employee Satisfaction (%),517.27
2023-11-15,Social,Carbon Emissions (tonnes),440.2
2023-07-08,Governance,Executive Compensation (USD),147.45
2021-05-12,Environmental,Executive Compensation (USD),328.19
2020-07-27,Governance,Employee Satisfaction (%),434.02
2023-11-28,Environmental,Board Independence (%),88.6
2021-09-09,Environmental,Carbon Emissions (tonnes),220.61
2023-11-02,Environmental,Water Usage (m3),598.23
2023-05-14,Social,Diversity (%),735.66
2020-09-04,Social,Carbon Emissions (tonnes),998.35
2023-03-05,Governance,Board Independence (%),933.11
2020-03-25,Environmental,Board Independence (%),642.57
2021-12-12,Environmental,Employee Satisfaction (%),421.25
2022-12-27,Social,Health & Safety Incidents (#),636.18
2022-05-27,Environmental,Carbon Emissions (tonnes),785.65
2023-09-16,Social,Diversity (%),118.34
2022-01-28,Environmental,Carbon Emissions (tonnes),409.9
2020-05-21,Governance,Waste Production (kg),839.8
2022-11-02,Environmental,Health & Safety Incidents (#),383.83
2023-08-19,Environmental,Diversity (%),571.87
2021-11-29,Social,Executive Compensation (USD),587.77
2020-01-26,Environmental,Diversity (%),184.48
2022-05-10,Environmental,Water Usage (m3),362.24
2022-09-30,Social,Employee Satisfaction (%),334.51
2020-08-04,Governance,Water Usage (m3),26.2
2022-06-06,Governance,Diversity (%),24.19
2022-01-11,Social,Health & Safety Incidents (#),831.7
2023-07-25,Social,Carbon Emissions (tonnes),273.07
2022-07-30,Social,Executive Compensation (USD),518.08
2023-12-19,Social,Carbon Emissions (tonnes),298.73
2020-11-09,Social,Health & Safety Incidents (#),940.68
2022-06-10,Governance,Diversity (%),259.3
2020-12-26,Governance,Board Independence (%),429.66
2022-12-04,Social,Carbon Emissions (tonnes),872.73
2023-08-25,Environmental,Board Independence (%),841.93
2021-07-07,Social,Carbon Emissions (tonnes),186.1
2023-06-15,Environmental,Carbon Emissions (tonnes),802.64
2023-01-07,Social,Executive Compensation (USD),458.19
2022-09-17,Social,Employee Satisfaction (%),482.97
2022-08-10,Governance,Employee Satisfaction (%),133.48
2022-06-11,Environmental,Waste Production (kg),80.6
2023-04-28,Environmental,Water Usage (m3),727.94
2021-07-03,Governance,Health & Safety Incidents (#),496.46
2021-10-22,Governance,Health & Safety Incidents (#),436.85
2021-05-17,Governance,Health & Safety Incidents (#),729.51
2020-06-26,Governance,Waste Production (kg),765.51
2021-07-25,Environmental,Employee Satisfaction (%),158.91
2022-07-12,Environmental,Diversity (%),610.23
2021-05-14,Social,Board Independence (%),135.35
2022-08-09,Social,Executive Compensation (USD),751.38
2023-03-13,Governance,Board Independence (%),656.96
2023-06-03,Governance,Diversity (%),956.61
2023-09-30,Governance,Executive Compensation (USD),68.96
2022-02-15,Social,Waste Production (kg),57.05
2021-11-19,Social,Diversity (%),282.19
2020-02-28,Social,Health & Safety Incidents (#),261.71
2022-10-09,Social,Water Usage (m3),246.98
2021-10-27,Social,Carbon Emissions (tonnes),906.25
2021-01-07,Social,Board Independence (%),249.55
2022-09-25,Social,Employee Satisfaction (%),271.95
2021-03-10,Governance,Employee Satisfaction (%),759.4
2021-12-27,Governance,Waste Production (kg),449.74
2021-06-13,Governance,Executive Compensation (USD),776.71
2021-11-28,Governance,Employee Satisfaction (%),65.37
2021-07-26,Social,Health & Safety Incidents (#),487.57
2023-05-05,Environmental,Board Independence (%),33.61
2023-12-07,Social,Diversity (%),62.65
2021-07-19,Environmental,Health & Safety Incidents (#),906.44
2023-02-12,Governance,Waste Production (kg),139.25
2020-01-21,Social,Health & Safety Incidents (#),532.42
2022-11-24,Governance,Diversity (%),411.1
2021-01-26,Social,Water Usage (m3),347.34
2020-06-24,Governance,Waste Production (kg),899.83
2021-05-09,Environmental,Water Usage (m3),21.82
2022-04-12,Environmental,Carbon Emissions (tonnes),663.79
2022-09-27,Environmental,Water Usage (m3),963.39
2023-02-11,Social,Carbon Emissions (tonnes),560.17
2021-05-07,Environmental,Carbon Emissions (tonnes),936.82
2023-11-15,Social,Water Usage (m3),52.26
2022-09-02,Environmental,Waste Production (kg),418.79
2023-08-15,Environmental,Executive Compensation (USD),260.16
2023-12-28,Social,Diversity (%),730.82
2022-10-02,Social,Health & Safety Incidents (#),981.3
2022-07-06,Environmental,Health & Safety Incidents (#),256.53
2020-02-05,Social,Diversity (%),654.17
2020-07-09,Environmental,Board Independence (%),198.1
2021-08-25,Social,Board Independence (%),565.33
2021-03-29,Governance,Carbon Emissions (tonnes),463.93
2022-04-08,Governance,Carbon Emissions (tonnes),972.01
2023-11-17,Governance,Waste Production (kg),608.53
2021-05-13,Governance,Employee Satisfaction (%),349.51
2021-09-19,Governance,Water Usage (m3),114.1
2023-09-21,Environmental,Carbon Emissions (tonnes),151.25
2023-04-06,Governance,Health & Safety Incidents (#),225.32
2022-01-25,Governance,Waste Production (kg),250.97
2022-08-27,Governance,Water Usage (m3),850.62
2023-02-07,Governance,Waste Production (kg),561.22
2022-12-23,Social,Water Usage (m3),523.39
2021-12-05,Environmental,Water Usage (m3),114.77
2022-05-21,Governance,Diversity (%),860.14
2023-02-01,Governance,Carbon Emissions (tonnes),722.81
2021-11-08,Governance,Executive Compensation (USD),67.67
2021-12-21,Environmental,Waste Production (kg),707.84
2023-12-10,Social,Executive Compensation (USD),543.54
2022-07-18,Environmental,Waste Production (kg),81.73
2021-07-08,Social,Diversity (%),458.3
2021-09-19,Governance,Health & Safety Incidents (#),484.7
2021-05-29,Governance,Executive Compensation (USD),165.77
2021-04-17,Environmental,Health & Safety Incidents (#),945.7
2020-09-04,Environmental,Board Independence (%),849.98
2021-01-29,Social,Carbon Emissions (tonnes),669.02
2021-10-08,Social,Carbon Emissions (tonnes),462.3
2020-09-01,Environmental,Employee Satisfaction (%),411.77
2023-01-02,Social,Diversity (%),650.97
2023-11-14,Environmental,Health & Safety Incidents (#),545.43
2021-01-14,Social,Water Usage (m3),62.27
2021-01-27,Environmental,Waste Production (kg),512.5
2021-03-19,Environmental,Carbon Emissions (tonnes),806.4
2022-09-18,Environmental,Executive Compensation (USD),459.24
2021-07-20,Social,Waste Production (kg),51.96
2023-04-22,Social,Waste Production (kg),786.28
2022-12-10,Social,Employee Satisfaction (%),201.36
2023-05-07,Environmental,Health & Safety Incidents (#),258.62
2021-08-02,Social,Carbon Emissions (tonnes),164.71
2020-07-24,Social,Waste Production (kg),330.22
2021-02-01,Environmental,Carbon Emissions (tonnes),756.75
2021-08-29,Governance,Water Usage (m3),519.39
2021-04-10,Environmental,Employee Satisfaction (%),204.88
2022-01-09,Social,Water Usage (m3),877.83
2021-01-02,Environmental,Carbon Emissions (tonnes),879.58
2021-09-11,Governance,Board Independence (%),870.58
2020-01-29,Environmental,Executive Compensation (USD),238.8
2023-12-21,Social,Carbon Emissions (tonnes),451.24
2022-12-29,Governance,Health & Safety Incidents (#),984.99
2020-09-16,Social,Waste Production (kg),772.01
2021-07-15,Governance,Waste Production (kg),27.17
2020-04-03,Governance,Water Usage (m3),65.2
2020-04-21,Environmental,Executive Compensation (USD),463.93
2023-02-07,Environmental,Employee Satisfaction (%),909.22
2021-08-21,Social,Board Independence (%),538.7
2023-11-29,Environmental,Diversity (%),497.81
2020-09-15,Environmental,Executive Compensation (USD),105.47
2023-07-30,Governance,Waste Production (kg),656.78
2022-10-02,Environmental,Health & Safety Incidents (#),822.1
2020-07-29,Governance,Executive Compensation (USD),380.42
2020-01-26,Governance,Water Usage (m3),775.61
2023-03-21,Governance,Water Usage (m3),964.48
2021-08-05,Social,Diversity (%),203.77
2022-08-19,Social,Health & Safety Incidents (#),523.33
2022-09-07,Social,Employee Satisfaction (%),287.14
2022-06-21,Governance,Executive Compensation (USD),792.85
2021-11-28,Social,Health & Safety Incidents (#),577.59
2021-01-12,Social,Employee Satisfaction (%),634.58
2020-04-15,Environmental,Health & Safety Incidents (#),797.91
2021-06-01,Social,Health & Safety Incidents (#),395.97
2022-09-05,Social,Carbon Emissions (tonnes),915.09
2020-08-21,Governance,Water Usage (m3),533.03
2020-05-13,Governance,Executive Compensation (USD),157.95
2022-03-31,Governance,Health & Safety Incidents (#),695.9
2022-10-04,Governance,Executive Compensation (USD),793.26
2020-05-31,Governance,Diversity (%),316.76
2023-03-27,Governance,Health & Safety Incidents (#),857.18
2023-07-13,Social,Waste Production (kg),906.14
2023-11-06,Governance,Water Usage (m3),276.9
2020-04-19,Governance,Waste Production (kg),983.52
2020-11-06,Environmental,Executive Compensation (USD),140.71
2020-11-01,Social,Executive Compensation (USD),202.02
2023-02-26,Social,Water Usage (m3),184.22
2021-09-14,Social,Executive Compensation (USD),893.99
2020-06-23,Governance,Waste Production (kg),654.29
2021-05-23,Governance,Health & Safety Incidents (#),152.1
2020-08-30,Governance,Health & Safety Incidents (#),440.32
2023-02-16,Environmental,Carbon Emissions (tonnes),615.3
2022-05-02,Governance,Diversity (%),83.46
2023-05-26,Environmental,Executive Compensation (USD),882.42
2023-05-05,Social,Waste Production (kg),803.6
2023-06-20,Governance,Executive Compensation (USD),505.21
2021-04-07,Environmental,Executive Compensation (USD),967.13
2022-12-06,Environmental,Employee Satisfaction (%),417.76
2022-02-18,Governance,Carbon Emissions (tonnes),984.11
2022-07-11,Social,Waste Production (kg),667.92
2022-06-25,Social,Waste Production (kg),634.67
2021-08-31,Social,Executive Compensation (USD),165.95
2023-04-20,Environmental,Carbon Emissions (tonnes),881.93
2022-05-28,Environmental,Health & Safety Incidents (#),427.49
2021-09-17,Environmental,Waste Production (kg),162.23
2023-03-10,Environmental,Health & Safety Incidents (#),12.61
2023-06-25,Social,Carbon Emissions (tonnes),559.76
2020-05-03,Governance,Health & Safety Incidents (#),527.4
2023-06-02,Environmental,Water Usage (m3),719.35
2020-07-22,Environmental,Employee Satisfaction (%),890.26
2021-03-01,Social,Board Independence (%),79.41
2023-07-05,Governance,Waste Production (kg),731.5
2021-03-08,Governance,Diversity (%),187.41
2021-06-25,Social,Employee Satisfaction (%),858.18
2023-09-14,Social,Board Independence (%),819.06
2020-06-15,Governance,Health & Safety Incidents (#),540.79
2020-11-17,Environmental,Waste Production (kg),710.24
2021-05-06,Governance,Health & Safety Incidents (#),314.35
2020-12-21,Social,Water Usage (m3),471.17
2023-02-04,Environmental,Carbon Emissions (tonnes),821.64
2020-06-02,Environmental,Waste Production (kg),459.27
2020-11-16,Social,Board Independence (%),357.8
2020-01-06,Social,Board Independence (%),494.21
2022-04-16,Social,Water Usage (m3),828.25
2022-07-11,Governance,Water Usage (m3),335.21
2023-11-12,Governance,Executive Compensation (USD),173.76
2023-05-01,Environmental,Waste Production (kg),712.01
2022-08-20,Social,Health & Safety Incidents (#),825.98
2021-08-19,Environmental,Diversity (%),100.64
2020-03-07,Environmental,Board Independence (%),239.87
2021-04-19,Environmental,Board Independence (%),141.97
2021-08-13,Environmental,Water Usage (m3),347.94
2023-12-18,Social,Employee Satisfaction (%),450.35
2021-08-02,Environmental,Water Usage (m3),748.83
2023-12-10,Social,Diversity (%),651.15
2022-07-18,Social,Health & Safety Incidents (#),620.93
2020-05-25,Governance,Health & Safety Incidents (#),352.37
2023-11-08,Social,Employee Satisfaction (%),841.45
2021-04-23,Governance,Board Independence (%),471.29
2021-06-25,Social,Water Usage (m3),979.1
2023-07-04,Social,Executive Compensation (USD),634.14
2023-04-22,Social,Health & Safety Incidents (#),126.26
2023-09-16,Governance,Diversity (%),676.18
2021-02-09,Governance,Waste Production (kg),325.1
